system,fraction,hours,correct,partial,source,correct_sd,partial_sd,d_correct_lo,d_correct_hi,d_partial_lo,d_partial_hi
Telecom,1.0,80.3,39.3,55.3,paper,4.93,6.43,0.0,0.0,0.0,0.0
Telecom,0.9,72.27,35.7,50.9,rq5-telecom-HP90,3.6,3.1,-11.31,4.76,-11.01,2.28
Telecom,0.8,64.24,38.7,53.5,rq5-telecom-HP80,4.72,4.57,-13.1,10.12,-10.62,5.75
Telecom,0.7,56.21,36.9,53.6,rq5-telecom-HP70,6.61,5.38,-10.12,6.55,-11.61,7.94
Telecom,0.6,48.18,42.9,58.2,rq5-telecom-HP60,4.41,5.42,-7.14,13.69,-8.93,13.99
Telecom,0.5,40.15,36.9,50.1,dbl-telecom-HD2,7.53,5.79,-8.33,4.17,-15.08,3.47
Telecom,0.25,20.07,46.4,59.8,dbl-telecom-HD4,8.35,8.18,-5.95,20.24,-8.93,17.86
Telecom,0.125,10.04,35.7,46.9,dbl-telecom-HD8,7.64,4.6,-20.83,13.69,-24.7,8.83
Telecom,0.0625,5.02,29.2,43.2,dbl-telecom-HD16,5.94,7.12,-29.17,8.93,-29.96,6.94
Telecom,0.03125,2.51,35.7,49.3,dbl-telecom-HD32,6.23,7.64,-22.02,14.88,-22.82,11.31
Telecom,0.015625,1.25,35.1,44.8,dbl-telecom-HD64,8.02,5.16,-22.02,13.69,-26.98,6.75
Telecom,0.007812,0.63,26.2,45.0,dbl-telecom-HD128,6.73,8.27,-26.19,0.0,-22.42,1.29
Bank,1.0,211.5,48.7,55.5,paper,3.67,3.57,0.0,0.0,0.0,0.0
Bank,0.9,190.35,46.0,53.7,rq5-bank-HP90,4.02,3.96,-7.14,2.01,-6.19,2.79
Bank,0.8,169.2,42.4,50.4,rq5-bank-HP80,2.82,2.6,-11.38,-1.79,-10.32,-0.37
Bank,0.7,148.05,43.1,50.3,rq5-bank-HP70,3.99,4.04,-11.83,0.22,-11.5,0.33
Bank,0.6,126.9,46.2,53.4,rq5-bank-HP60,2.93,2.72,-8.04,3.57,-7.76,3.78
Bank,0.5,105.75,47.5,53.8,rq5-bank-HD2,4.26,3.98,-7.59,5.13,-7.65,4.13
Bank,0.25,52.88,40.6,48.2,rq5-bank-HD4,2.48,2.8,-17.19,0.67,-15.51,0.11
Bank,0.125,26.44,45.1,53.9,rq5-bank-HD8,1.85,2.06,-12.95,5.81,-10.6,7.52
Bank,0.0625,13.22,41.7,53.1,rq5-bank-HD16,4.04,4.02,-17.19,3.35,-12.65,7.85
Bank,0.03125,6.61,40.0,51.4,rq5-bank-HD32,2.85,2.28,-21.21,3.79,-16.5,8.33
Bank,0.015625,3.3,32.6,41.8,rq5-bank-HD64,2.08,2.02,-28.79,-3.35,-27.08,-0.22
Bank,0.007812,1.65,19.6,28.8,rq5-bank-HD128,3.94,3.04,-42.19,-15.85,-40.23,-12.98
Market,1.0,18.0,11.9,25.6,rq5r-market-PP100,1.65,1.57,0.0,0.0,0.0,0.0
Market,0.9,16.2,12.3,25.3,rq5r-market-PP90,2.95,2.56,-2.71,3.54,-3.84,3.0
Market,0.8,14.4,11.7,23.4,rq5r-market-PP80,2.95,3.18,-3.96,3.33,-6.58,1.79
Market,0.7,12.6,9.8,22.0,rq5r-market-PP70,1.88,1.98,-6.88,2.08,-8.54,0.78
Market,0.6,10.8,11.5,22.2,rq5r-market-PP60,2.59,3.35,-5.21,3.75,-8.63,1.16
Market,0.5,9.0,10.0,21.1,rq5r-market-PD2,2.18,1.73,-6.88,2.5,-9.86,0.45
Market,0.25,4.5,8.5,19.2,rq5r-market-PD4,2.43,2.53,-8.12,1.25,-12.0,-1.2
Market,0.125,2.25,9.6,22.4,rq5r-market-PD8,1.18,0.95,-6.04,1.04,-7.93,1.41
Market,0.0625,1.12,9.8,19.9,rq5r-market-PD16,2.08,2.86,-5.62,1.04,-10.3,-1.49
